Actual,Predicted
1466,2508.3152306174647
3169,2988.7022415219053
4174,2522.6052428033827
2638,3208.286105002342
